Workbook

Sheet Trade_Journal
A1: Entry_Date | B1: Entry_Time | C1: Symbol | D1: Timeframe | E1: Direction | F1: Entry_Price | G1: SL_Price | H1: TP_Price | I1: Position_Size | J1: ML_Confidence | K1: Status | L1: Timeout_Date | M1: Timeout_Time | N1: Exit_Date | O1: Exit_Time | P1: Exit_Price | Q1: PnL_USD | R1: PnL_Percent | S1: Exit_Reason | T1: Notes
A2: 46066 | B2: 14:30 | C2: BTCUSDT | D2: 4h | E2: LONG | F2: 42500 | G2: 41650 | H2: 44200 | I2: 1000 | J2: 0.78 | K2: OPEN | L2: 46068 | M2: 06:30 | T2: MACD xoay tăng + RSI oversold
A3: 46065 | B3: 08:00 | C3: ETHUSDT | D3: 1d | E3: SHORT | F3: 2100 | G3: 2142 | H3: 2016 | I3: 800 | J3: 0.82 | K3: CLOSED | L3: 46075 | M3: 08:00 | N3: 46068 | O3: 12:30 | P3: 2016 | Q3: 64 | R3: 4 | S3: TP_HIT | T3: Perfect entry setup
A4: 46064 | B4: 16:00 | C4: ADAUSDT | D4: 8h | E4: LONG | F4: 0.45 | G4: 0.441 | H4: 0.468 | I4: 500 | J4: 0.71 | K4: CLOSED | L4: 46068 | M4: 00:00 | N4: 46066 | O4: 08:00 | P4: 0.441 | Q4: -9 | R4: -2 | S4: SL_HIT | T4: False breakout
A5: 46063 | B5: 12:00 | C5: SOLUSDT | D5: 12h | E5: SHORT | F5: 95.5 | G5: 97.3 | H5: 91.4 | I5: 1200 | J5: 0.85 | K5: TIMEOUT | L5: 46068 | M5: 12:00 | N5: 46068 | O5: 12:00 | P5: 93.2 | Q5: 27.6 | R5: 2.3 | S5: TIMEOUT | T5: Held too long but still profit

Sheet Dashboard
A1: Metric | B1: Value | C1: Formula_Description
A2: Total Trades | B2: =COUNTA(Trade_Journal!A:A)-1 -> 4 | C2: Count all trades
A3: Active Trades | B3: =COUNTIF(Trade_Journal!K:K,"OPEN") -> 1 | C3: Open positions count
A4: Closed Trades | B4: =COUNTIF(Trade_Journal!K:K,"CLOSED") -> 2 | C4: Completed trades
A5: Overdue Trades | B5: =SUMPRODUCT((Trade_Journal!K:K="OPEN")*(TODAY()>Trade_Journal!L:L)) -> 0 | C5: Trades past timeout
A6: Win Rate (%) | B6: =IFERROR(COUNTIFS(Trade_Journal!K:K,"CLOSED",Trade_Journal!Q:Q,">0")/COUNTIF(Trade_Journal!K:K,"CLOSED")*100,0) -> 50 | C6: Percentage of winning trades
A7: Total PnL ($) | B7: =SUMIF(Trade_Journal!K:K,"CLOSED",Trade_Journal!Q:Q) -> 55 | C7: Total profit/loss
A8: Avg Trade ($) | B8: =IFERROR(AVERAGEIF(Trade_Journal!K:K,"CLOSED",Trade_Journal!Q:Q),0) -> 27.5 | C8: Average per trade
A9: Best Trade ($) | B9: =IFERROR(_xludf.MAXIFS(Trade_Journal!Q:Q,Trade_Journal!K:K,"CLOSED"),0) -> 0 | C9: Best single trade
A10: Worst Trade ($) | B10: =IFERROR(_xludf.MINIFS(Trade_Journal!Q:Q,Trade_Journal!K:K,"CLOSED"),0) -> 0 | C10: Worst single trade
A11: This Week PnL ($) | B11: =SUMIFS(Trade_Journal!Q:Q,Trade_Journal!N:N,">="&TODAY()-7,Trade_Journal!K:K,"CLOSED") -> 55 | C11: Last 7 days PnL
A12: This Month PnL ($) | B12: =SUMIFS(Trade_Journal!Q:Q,Trade_Journal!N:N,">="&EOMONTH(TODAY(),-1)+1,Trade_Journal!K:K,"CLOSED") -> 55 | C12: Current month PnL

Sheet Formulas_Reference
A1: Column | B1: Formula | C1: Description
A2: L (Timeout_Date) | B2: =_xludf.SWITCH(D2,"1h",A2+(10/24),"4h",A2+(40/24),"8h",A2+(80/24),"12h",A2+(120/24),"1d",A2+10,A2+10) -> #NAME? | C2: Auto calculate timeout date based on timeframe
A3: M (Timeout_Time) | B3: =_xludf.SWITCH(D2,"1h",TIME(10,0,0),"4h",TIME(16,0,0),"8h",TIME(0,0,0),"12h",TIME(0,0,0),"1d",TIME(0,0,0),TIME(0,0,0)) -> #NAME? | C3: Calculate timeout time (for intraday timeframes)
A4: Q (PnL_USD) | B4: =IF(E2="LONG",(P2-F2)/F2*I2,(F2-P2)/F2*I2) -> #DIV/0! | C4: Calculate PnL in USD (+ for profit, - for loss)
A5: R (PnL_Percent) | B5: =IF(E2="LONG",(P2-F2)/F2*100,(F2-P2)/F2*100) -> #DIV/0! | C5: Calculate PnL percentage
A6: Risk_Alert | B6: =IF(I2>1000,"⚠️ Large",IF(I2>500,"⚡ Medium","✅ Safe")) -> ✅ Safe | C6: Risk level based on position size
A7: Confidence_Alert | B7: =IF(J2>=0.8,"🔥 High",IF(J2>=0.65,"👍 Good","⚠️ Low")) -> ⚠️ Low | C7: Confidence level indicator

Sheet Risk_Management
A1: Risk_Rule | B1: Limit | C1: Current | D1: Status
A2: Max Position Size | B2: 1500 | C2: =MAX(Trade_Journal!I:I) -> 1200 | D2: =IF(C2>B2,"❌ BREACH","✅ OK") -> ✅ OK
A3: Max Risk per Trade | B3: 100 | C3: =MAX(Trade_Journal!Q:Q) -> 64 | D3: =IF(C3>B3,"❌ BREACH","✅ OK") -> ✅ OK
A4: Max Daily Loss | B4: 200 | C4: =SUMIFS(Trade_Journal!Q:Q,Trade_Journal!N:N,TODAY()) -> 0 | D4: =IF(C4<-ABS(B4),"❌ BREACH","✅ OK") -> ✅ OK
A5: Max Open Trades | B5: 5 | C5: =COUNTIF(Trade_Journal!K:K,"OPEN") -> 1 | D5: =IF(C5>B5,"❌ BREACH","✅ OK") -> ✅ OK
A6: Min Confidence | B6: 0.6 | C6: =MIN(Trade_Journal!J:J) -> 0.71 | D6: =IF(C6<B6,"❌ BREACH","✅ OK") -> ✅ OK
A7: Max Drawdown Alert | B7: -500 | C7: =MIN(Trade_Journal!Q:Q) -> -9 | D7: =IF(C7<B7,"❌ BREACH","✅ OK") -> ✅ OK
